{"stat.pickup.minecraft.wooden_slab":7,"stat.leaveGame":18,"stat.mineBlock.minecraft.sandstone":43,"stat.mineBlock.minecraft.web":36,"stat.mineBlock.gravestone.gravestone":37,"stat.pickup.minecraft.rotten_flesh":94,"stat.pickup.exoticbirds.eggshell":5,"stat.craftItem.minecraft.stone_axe":1,"stat.pickup.minecraft.bucket":4,"stat.killEntity.Enderman":2,"stat.mineBlock.minecraft.wooden_slab":7,"stat.craftItem.minecraft.iron_shovel":4,"stat.pickup.minecraft.brown_mushroom":6,"stat.killEntity.Witch":1,"stat.useItem.minecraft.iron_pickaxe":1000,"stat.pickup.minecraft.stained_hardened_clay":2,"stat.craftItem.minecraft.wooden_pickaxe":1,"stat.useItem.minecraft.iron_shovel":928,"stat.craftItem.minecraft.bed":2,"stat.mineBlock.minecraft.vine":1,"stat.furnaceInteraction":255,"stat.killEntity.ZombieVillager":4,"stat.drop.minecraft.red_flower":1,"stat.pickup.minecraft.beef":30,"stat.pickup.minecraft.leather_helmet":2,"stat.pickup.minecraft.cauldron":1,"stat.mineBlock.minecraft.stained_hardened_clay":3,"stat.pickup.galacticraftcore.parachute":2,"stat.pickup.minecraft.potion":4,"stat.useItem.minecraft.wheat_seeds":240,"stat.pickup.ic2.misc_resource":65,"stat.mineBlock.ic2.leaves":82,"stat.pickup.minecraft.emerald":28,"stat.useItem.minecraft.dye":64,"stat.craftItem.hammertime.itemshoveliron":2,"stat.pickup.minecraft.lever":1,"stat.deaths":29,"stat.pickup.minecraft.bowl":15,"stat.useItem.ic2.treetap":26,"stat.pickup.minecraft.egg":3,"stat.craftItem.minecraft.iron_pickaxe":3,"stat.drop.minecraft.glass_bottle":1,"stat.killEntity.exoticbirds.magpie":1,"stat.mineBlock.minecraft.tallgrass":293,"stat.craftItem.minecraft.cooked_mutton":212,"stat.pickup.minecraft.cooked_mutton":336,"stat.chestOpened":640,"stat.useItem.minecraft.stone":30,"stat.killEntity.mutantbeasts.creeper_minion":1,"stat.pickup.minecraft.arrow":68,"stat.pickup.minecraft.iron_sword":24,"stat.craftItem.minecraft.coal":45,"stat.useItem.hammertime.itemhammeriron":2,"stat.crouchOneCm":78134,"stat.mineBlock.minecraft.chest":3,"stat.craftItem.exoticbirds.cooked_birdmeat":14,"stat.craftItem.minecraft.iron_ingot":161,"stat.craftingTableInteraction":180,"stat.drop.exoticbirds.eggshell":1,"stat.mineBlock.minecraft.log2":3,"stat.pickup.minecraft.wooden_pickaxe":1,"stat.useItem.minecraft.reeds":57,"stat.pickup.minecraft.dye":126,"stat.pickup.minecraft.planks":668,"stat.pickup.minecraft.wheat_seeds":411,"stat.mineBlock.minecraft.dirt":943,"stat.useItem.minecraft.bread":69,"stat.drop.minecraft.rotten_flesh":2,"stat.useItem.minecraft.cobblestone":4225,"stat.mineBlock.minecraft.double_plant":21,"stat.pickup.minecraft.iron_pickaxe":16,"stat.craftItem.minecraft.gold_ingot":21,"stat.drop.minecraft.sapling":1,"stat.pickup.minecraft.chicken":4,"stat.pickup.minecraft.apple":10,"stat.pickup.minecraft.coal_block":5,"stat.craftItem.minecraft.bucket":3,"stat.craftItem.minecraft.planks":1060,"stat.useItem.minecraft.iron_sword":739,"stat.pickup.minecraft.stone_sword":8,"stat.pickup.minecraft.book":20,"stat.mineBlock.minecraft.log":68,"stat.mineBlock.minecraft.waterlily":5,"stat.craftItem.minecraft.paper":309,"stat.killEntity.BabySkeleton":2,"stat.pickup.minecraft.red_flower":29,"stat.pickup.minecraft.wool":174,"stat.pickup.minecraft.cooked_fish":92,"stat.drop.galacticraftcore.parachute":1,"stat.pickup.ic2.ingot":27,"stat.craftItem.mekanismtools.osmiumsword":2,"stat.useItem.minecraft.iron_axe":209,"stat.mineBlock.minecraft.cobblestone":555,"stat.pickup.minecraft.stone_pickaxe":7,"stat.pickup.minecraft.flint":2,"stat.mineBlock.minecraft.yellow_flower":4,"stat.craftItem.minecraft.wool":5,"stat.drop.minecraft.cobblestone":19,"stat.pickup.minecraft.cooked_porkchop":5,"stat.useItem.minecraft.stone_slab2":147,"stat.pickup.minecraft.bow":19,"stat.pickup.minecraft.iron_boots":19,"stat.craftItem.minecraft.furnace":3,"stat.pickup.minecraft.golden_axe":1,"stat.useItem.minecraft.egg":1,"stat.craftItem.minecraft.iron_boots":6,"stat.useItem.exoticbirds.cooked_birdmeat":8,"stat.craftItem.minecraft.cooked_beef":47,"stat.mineBlock.minecraft.obsidian":17,"stat.flyOneCm":2800168,"stat.drop.minecraft.iron_helmet":1,"stat.pickup.minecraft.sandstone":116,"stat.pickup.minecraft.fish":7,"stat.craftItem.minecraft.emerald_block":1,"stat.timeSinceDeath":42685,"stat.drop.minecraft.spider_eye":2,"stat.useItem.minecraft.wooden_slab":12,"stat.pickup.ic2.cutter":1,"stat.pickup.travelersbackpack.travelers_backpack":10,"stat.pickup.minecraft.chainmail_helmet":1,"stat.mineBlock.minecraft.coal_ore":59,"stat.pickup.minecraft.shield":20,"stat.pickup.minecraft.wooden_sword":3,"stat.pickup.minecraft.string":132,"stat.entityKilledBy.Skeleton":6,"stat.sprintOneCm":2128778,"stat.mineBlock.minecraft.stone_slab":15,"stat.drop.minecraft.leather":1,"stat.pickup.minecraft.bone_block":192,"stat.pickup.ic2.resource":397,"stat.mineBlock.minecraft.diamond_ore":18,"stat.killEntity.Zombie":108,"stat.craftItem.minecraft.dye":153,"stat.mineBlock.minecraft.gold_ore":37,"stat.diveOneCm":315211,"stat.drop.minecraft.diamond_pickaxe":1,"stat.pickup.minecraft.wheat":152,"stat.mineBlock.minecraft.mossy_cobblestone":28,"stat.craftItem.minecraft.cooked_porkchop":31,"stat.pickup.minecraft.stone_axe":3,"stat.pickup.minecraft.obsidian":16,"stat.craftItem.galacticraftcore.canvas":3,"stat.pickup.ic2.te":1,"stat.useItem.minecraft.rotten_flesh":8,"stat.jump":15798,"stat.pickup.minecraft.coal":1200,"stat.pickup.minecraft.iron_ingot":115,"stat.pickup.minecraft.gunpowder":120,"stat.craftItem.minecraft.torch":440,"stat.pickup.ic2.crafting":1,"stat.pickup.minecraft.dirt":4356,"stat.pickup.minecraft.gold_ore":85,"stat.mineBlock.minecraft.lapis_ore":2,"stat.pickup.minecraft.iron_axe":15,"stat.damageTaken":26651,"stat.mineBlock.minecraft.torch":20,"stat.mineBlock.minecraft.red_flower":13,"stat.pickup.minecraft.ender_eye":2,"stat.pickup.minecraft.log2":290,"stat.pickup.ic2.rubber_wood":187,"stat.pickup.minecraft.bed":10,"stat.entityKilledBy.Zombie":3,"stat.pickup.exoticbirds.birdmeat":9,"stat.killEntity.bouncy_creepers.bouncy_creeper":2,"stat.craftItem.galacticraftcore.parachute":1,"stat.pickup.hammertime.itemhammeriron":44,"stat.killEntity.Silverfish":72,"stat.pickup.artifacts.shiny_red_balloon":1,"stat.useItem.minecraft.chest":7,"stat.pickup.minecraft.diamond_pickaxe":20,"stat.useItem.minecraft.lava_bucket":39,"stat.craftItem.mekanism.ingot":27,"stat.craftItem.minecraft.iron_chestplate":3,"stat.useItem.mekanismtools.osmiumsword":814,"stat.pickup.minecraft.ender_pearl":1,"stat.pickup.minecraft.cooked_beef":19,"stat.useItem.minecraft.netherrack":5,"stat.craftItem.travelersbackpack.sleeping_bag_bottom":2,"stat.craftItem.minecraft.bookshelf":26,"stat.mobKills":500,"stat.mineBlock.minecraft.bookshelf":2,"stat.useItem.minecraft.boat":10,"stat.pickup.minecraft.diamond":50,"stat.pickup.minecraft.beetroot_seeds":5,"stat.pickup.minecraft.torch":850,"stat.pickup.exoticbirds.magpie_egg":4,"stat.craftItem.hammertime.itemaxestone":1,"stat.drop.minecraft.stone_axe":1,"stat.drop.minecraft.waterlily":5,"stat.useItem.minecraft.bookshelf":24,"stat.craftItem.minecraft.iron_axe":1,"stat.drop.ic2.crafting":1,"stat.mineBlock.ic2.rubber_wood":27,"stat.pickup.gravestone.death_info":46,"stat.useItem.minecraft.planks":239,"stat.pickup.minecraft.porkchop":88,"stat.pickup.minecraft.glass":90,"stat.useItem.minecraft.water_bucket":289,"stat.pickup.minecraft.sand":76,"stat.pickup.minecraft.name_tag":8,"stat.craftItem.minecraft.stone_sword":3,"stat.pickup.minecraft.chainmail_chestplate":10,"stat.mineBlock.minecraft.sand":76,"stat.craftItem.minecraft.cooked_fish":12,"stat.pickup.exoticbirds.phoenix_dust":3,"stat.drop.gravestone.death_info":16,"stat.pickup.ic2.plate":3,"stat.pickup.hammertime.itemshoveliron":15,"stat.pickup.minecraft.furnace":14,"stat.useItem.minecraft.cooked_mutton":152,"stat.craftItem.travelersbackpack.travelers_backpack":3,"stat.pickup.exoticbirds.crane_egg":3,"stat.pickup.minecraft.iron_chestplate":15,"stat.entityKilledBy.mutantbeasts.mutant_skeleton":2,"stat.killEntity.Horse":8,"stat.useItem.ic2.sapling":4,"stat.pickup.minecraft.saddle":2,"stat.playOneMinute":758208,"stat.craftItem.eplus.advanced_table":1,"stat.drop.minecraft.chest":1,"stat.pickup.minecraft.netherrack":40,"stat.pickup.hammertime.itemaxeiron":9,"stat.mineBlock.minecraft.netherrack":38,"stat.pickup.minecraft.waterlily":13,"stat.killEntity.dungeonmobs.dmshrieker":1,"stat.craftItem.minecraft.iron_hoe":1,"stat.pickup.minecraft.cooked_chicken":10,"stat.fallOneCm":335238,"stat.drop.minecraft.stone":64,"stat.pickup.ic2.casing":6,"stat.craftItem.ic2.treetap":3,"stat.craftItem.minecraft.chest":13,"stat.pickup.minecraft.red_mushroom":3,"stat.pickup.minecraft.golden_leggings":1,"stat.useItem.minecraft.iron_hoe":83,"stat.mineBlock.ic2.resource":132,"stat.pickup.minecraft.feather":47,"stat.pickup.minecraft.record_cat":1,"stat.useItem.minecraft.furnace":7,"stat.pickup.minecraft.iron_leggings":21,"stat.mineBlock.minecraft.gravel":18,"stat.useItem.minecraft.stone_pickaxe":231,"stat.craftItem.minecraft.iron_leggings":5,"stat.useItem.minecraft.stone_sword":57,"stat.pickup.minecraft.chainmail_boots":7,"stat.mineBlock.minecraft.monster_egg":5,"stat.pickup.mekanism.ingot":8,"stat.useItem.minecraft.torch":383,"stat.pickup.minecraft.crafting_table":4,"stat.useItem.minecraft.log":4,"stat.useItem.exoticbirds.emperorpenguin_egg":2,"stat.craftItem.minecraft.crafting_table":6,"stat.craftItem.minecraft.boat":2,"stat.pickup.minecraft.iron_hoe":4,"stat.mineBlock.minecraft.emerald_ore":15,"stat.pickup.minecraft.log":397,"stat.useItem.minecraft.cooked_fish":12,"stat.mineBlock.galacticraftcore.basic_block_core":85,"stat.craftItem.hammertime.itemhammerstone":1,"stat.pickup.minecraft.chainmail_leggings":1,"stat.pickup.minecraft.sapling":25,"stat.useItem.exoticbirds.robin_egg":1,"stat.useItem.exoticbirds.seagull_egg":1,"stat.pickup.exoticbirds.kingfisher_egg":2,"stat.pickup.ic2.wrench":1,"stat.sneakTime":23809,"stat.pickup.ic2.sapling":14,"stat.pickup.minecraft.stone_slab":32,"stat.drop.minecraft.yellow_flower":1,"stat.pickup.minecraft.yellow_flower":8,"stat.pickup.minecraft.chest":6,"stat.craftItem.minecraft.enchanting_table":1,"stat.pickup.minecraft.bone":98,"stat.pickup.exoticbirds.cooked_birdmeat":3,"stat.pickup.hammertime.itemaxestone":1,"stat.drop.minecraft.mossy_cobblestone":1,"stat.pickup.exoticbirds.seagull_egg":4,"stat.swimOneCm":163109,"stat.climbOneCm":3496,"stat.pickup.ic2.crushed":40,"stat.useItem.minecraft.dirt":1688,"stat.pickup.minecraft.golden_helmet":1,"stat.killEntity.dungeonmobs.dmhookhorror":1,"stat.entityKilledBy.mutantbeasts.mutant_enderman":2,"stat.killEntity.artifacts.mimic":1,"stat.craftItem.minecraft.stone_pickaxe":2,"stat.pickup.minecraft.cobblestone":12762,"stat.pickup.minecraft.clay":8,"stat.pickup.minecraft.soul_sand":5,"stat.pickup.minecraft.glass_bottle":3,"stat.killEntity.ZombieHorse":2,"stat.craftItem.ic2.ingot":4,"stat.useItem.minecraft.cooked_beef":47,"stat.craftItem.minecraft.wooden_slab":6,"stat.pickup.minecraft.redstone":567,"stat.mineBlock.minecraft.iron_ore":231,"stat.craftItem.minecraft.book":63,"stat.pickup.minecraft.mutton":224,"stat.pickup.minecraft.mossy_cobblestone":29,"stat.mineBlock.minecraft.coal_block":5,"stat.pickup.exoticbirds.robin_egg":1,"stat.pickup.galacticraftcore.basic_block_core":306,"stat.pickup.minecraft.iron_shovel":14,"stat.pickup.mekanism.salt":13,"stat.useItem.minecraft.cooked_porkchop":21,"stat.craftItem.minecraft.stone_slab2":0,"stat.pickup.minecraft.paper":84,"stat.craftItem.minecraft.stick":216,"stat.pickup.hammertime.itemsicklewood":8,"stat.mineBlock.mekanism.oreblock":90,"stat.craftItem.minecraft.stone":90,"stat.pickup.minecraft.grass":1,"stat.useItem.ic2.wrench":1,"stat.mineBlock.minecraft.crafting_table":4,"stat.useItem.minecraft.diamond_pickaxe":1804,"stat.entityKilledBy.Creeper":2,"stat.mineBlock.minecraft.planks":54,"stat.drop":41,"stat.craftItem.hammertime.itemhammeriron":18,"stat.killEntity.Sheep":144,"stat.entityKilledBy.mutantbeasts.mutant_creeper":1,"stat.pickup.minecraft.slime_ball":9,"stat.craftItem.minecraft.diamond_pickaxe":2,"stat.pickup.minecraft.gravel":11,"stat.killEntity.Slime":5,"stat.useItem.minecraft.apple":6,"stat.useItem.minecraft.potion":2,"stat.craftItem.travelersbackpack.backpack_tank":4,"stat.killEntity.SkeletonHorse":1,"stat.pickup.minecraft.iron_helmet":15,"stat.useItem.minecraft.stone_axe":33,"stat.entityKilledBy.CaveSpider":5,"stat.craftItem.minecraft.bread":48,"stat.pickup.minecraft.spider_eye":23,"stat.craftItem.minecraft.iron_helmet":6,"stat.useItem.minecraft.cooked_chicken":3,"stat.pickup.minecraft.iron_ore":881,"stat.pickup.mekanismtools.osmiumsword":2,"stat.boatOneCm":355325,"stat.killEntity.mutantbeasts.mutant_creeper":1,"stat.mineBlock.minecraft.leaves2":1,"stat.pickup.minecraft.leather":83,"stat.mineBlock.minecraft.furnace":14,"stat.useItem.minecraft.wooden_pickaxe":3,"stat.pickup.minecraft.reeds":476,"stat.killEntity.CaveSpider":23,"stat.damageDealt":81766,"stat.craftItem.minecraft.glass":54,"stat.sleepInBed":37,"stat.killEntity.Cow":12,"stat.killEntity.Pig":25,"stat.craftItem.minecraft.iron_sword":4,"stat.pickup.minecraft.boat":9,"stat.walkOneCm":1609770,"stat.playerKills":4,"stat.mineBlock.ic2.te":1,"stat.pickup.minecraft.stick":434,"stat.pickup.mekanism.oreblock":405,"stat.pickup.minecraft.clay_ball":1,"stat.pickup.hammertime.itemhammerstone":2,"stat.craftItem.minecraft.writable_book":1,"stat.pickup.galacticraftcore.basic_item":42,"stat.drop.minecraft.iron_chestplate":1,"stat.pickup.minecraft.stone":1566,"stat.pickup.ic2.treetap":6,"stat.pickup.minecraft.gold_ingot":64,"stat.killEntity.Skeleton":38,"stat.killEntity.Chicken":4,"stat.killEntity.Spider":3,"stat.pickup.minecraft.bread":41,"stat.killEntity.exoticbirds.crane":3,"stat.useItem.minecraft.golden_apple":1,"stat.pickup.minecraft.water_bucket":21,"stat.mineBlock.minecraft.leaves":15,"stat.mineBlock.minecraft.redstone_ore":54,"stat.pickup.minecraft.lava_bucket":1,"stat.mineBlock.minecraft.bone_block":120,"stat.craftItem.galacticraftcore.basic_item":8,"stat.mineBlock.minecraft.stone":1371}