{"stat.chestOpened":23,"stat.pickup.exoticbirds.peacock_feather":1,"stat.walkOneCm":96086,"stat.killEntity.exoticbirds.woodpecker":2,"stat.pickup.exoticbirds.peafowl_egg":2,"stat.pickup.travelersbackpack.travelers_backpack":4,"stat.leaveGame":6,"stat.pickup.minecraft.iron_sword":2,"stat.furnaceInteraction":31,"stat.pickup.exoticbirds.robin_egg":2,"stat.mineBlock.ic2.rubber_wood":2,"stat.pickup.minecraft.log":1,"stat.swimOneCm":1723,"stat.jump":999,"stat.pickup.minecraft.iron_helmet":2,"stat.pickup.minecraft.coal":118,"stat.fallOneCm":19665,"stat.killEntity.exoticbirds.peafowl":2,"stat.pickup.minecraft.beef":17,"stat.craftItem.minecraft.stone_slab2":0,"stat.crouchOneCm":572,"stat.pickup.minecraft.chicken":5,"stat.mineBlock.gravestone.gravestone":2,"stat.pickup.exoticbirds.heron_egg":10,"stat.pickup.exoticbirds.crane_egg":5,"stat.craftItem.exoticbirds.cooked_birdmeat":40,"stat.pickup.minecraft.sapling":1,"stat.killEntity.exoticbirds.heron":7,"stat.pickup.minecraft.dirt":1,"stat.sprintOneCm":83545,"stat.pickup.minecraft.iron_chestplate":2,"stat.useItem.minecraft.stone_slab2":3,"stat.pickup.minecraft.iron_boots":2,"stat.useItem.minecraft.cooked_chicken":1,"stat.pickup.mutantbeasts.hulk_hammer":1,"stat.useItem.minecraft.iron_sword":104,"stat.killEntity.Chicken":5,"stat.useItem.mutantbeasts.hulk_hammer":1,"stat.mineBlock.minecraft.leaves2":2,"stat.damageTaken":666,"stat.pickup.minecraft.leather":9,"stat.pickup.minecraft.feather":9,"stat.craftItem.minecraft.cooked_beef":0,"stat.pickup.minecraft.cobblestone":1,"stat.mobKills":43,"stat.killEntity.exoticbirds.crane":7,"stat.mineBlock.minecraft.log":1,"stat.pickup.ic2.rubber_wood":2,"stat.useItem.minecraft.beef":1,"stat.craftItem.minecraft.cooked_chicken":5,"stat.killEntity.exoticbirds.swan":2,"stat.pickup.minecraft.iron_leggings":2,"stat.pickup.minecraft.reeds":4,"stat.flyOneCm":200501,"stat.deaths":2,"stat.mineBlock.minecraft.leaves":6,"stat.pickup.minecraft.egg":2,"stat.playOneMinute":32679,"stat.useItem.ic2.rubber_wood":1,"stat.killEntity.Sheep":4,"stat.useItem.minecraft.cooked_beef":2,"stat.sneakTime":70,"stat.pickup.exoticbirds.magpie_egg":9,"stat.pickup.exoticbirds.birdmeat":60,"stat.pickup.minecraft.wool":4,"stat.damageDealt":5141,"stat.sleepInBed":3,"stat.timeSinceDeath":15190,"stat.killEntity.Cow":9,"stat.mineBlock.minecraft.dirt":1,"stat.killEntity.exoticbirds.magpie":5,"stat.mineBlock.minecraft.tallgrass":15,"stat.diveOneCm":2963,"stat.pickup.minecraft.mutton":5}