{"stat.useItem.minecraft.bow":15,"stat.pickup.exoticbirds.bluejay_egg":4,"stat.leaveGame":8,"stat.pickup.mutantbeasts.mutant_skeleton_pelvis":2,"stat.mineBlock.minecraft.sandstone":49,"stat.killEntity.PigZombie":1,"stat.craftItem.minecraft.shield":2,"stat.mineBlock.minecraft.web":7,"stat.mineBlock.gravestone.gravestone":36,"stat.drop.minecraft.iron_sword":1,"stat.pickup.minecraft.rotten_flesh":146,"stat.pickup.exoticbirds.eggshell":28,"stat.craftItem.minecraft.stone_axe":1,"stat.killEntity.exoticbirds.seagull":5,"stat.pickup.minecraft.bucket":3,"stat.killEntity.Enderman":2,"stat.craftItem.minecraft.iron_shovel":1,"stat.pickup.minecraft.brown_mushroom":7,"stat.useItem.minecraft.iron_pickaxe":1118,"stat.pickup.minecraft.stained_hardened_clay":4,"stat.craftItem.minecraft.wooden_pickaxe":1,"stat.useItem.minecraft.iron_shovel":111,"stat.craftItem.minecraft.bed":1,"stat.craftItem.minecraft.glass_pane":16,"stat.furnaceInteraction":153,"stat.craftItem.ic2.te":23,"stat.killEntity.dungeonmobs.dmrustmonster":1,"stat.pickup.minecraft.beef":57,"stat.pickup.minecraft.leather_helmet":3,"stat.entityKilledBy.BabySkeleton":1,"stat.pickup.galacticraftcore.parachute":1,"stat.killEntity.exoticbirds.duck":2,"stat.drop.minecraft.furnace":1,"stat.pickup.minecraft.potion":14,"stat.useItem.minecraft.flint_and_steel":1,"stat.pickup.ic2.misc_resource":122,"stat.mineBlock.ic2.leaves":3,"stat.pickup.minecraft.emerald":24,"stat.useItem.minecraft.dye":11,"stat.craftItem.hammertime.itemshoveliron":1,"stat.pickup.ic2.filled_tin_can":18,"stat.craftItem.ic2.mining_laser":1,"stat.pickup.minecraft.lever":6,"stat.deaths":49,"stat.useItem.ic2.treetap":22,"stat.pickup.minecraft.egg":7,"stat.craftItem.minecraft.iron_pickaxe":6,"stat.drop.minecraft.torch":6,"stat.craftItem.mutantbeasts.mutant_skeleton_arms":1,"stat.mineBlock.minecraft.tallgrass":60,"stat.craftItem.minecraft.cooked_mutton":6,"stat.pickup.minecraft.cooked_mutton":197,"stat.chestOpened":994,"stat.useItem.minecraft.splash_potion":2,"stat.useItem.ic2.cable":43,"stat.useItem.minecraft.stone":365,"stat.killEntity.mutantbeasts.creeper_minion":3,"stat.pickup.minecraft.iron_sword":24,"stat.pickup.minecraft.arrow":85,"stat.pickup.minecraft.gold_nugget":1,"stat.drop.minecraft.iron_pickaxe":2,"stat.useItem.hammertime.itemhammeriron":10,"stat.pickup.mutantbeasts.mutant_skeleton_shoulder_pad":2,"stat.drop.minecraft.stone_sword":1,"stat.pickup.mutantbeasts.mutant_skeleton_skull":9,"stat.crouchOneCm":142836,"stat.craftItem.ic2.cable":416,"stat.mineBlock.minecraft.chest":8,"stat.craftItem.exoticbirds.cooked_birdmeat":17,"stat.craftItem.minecraft.iron_ingot":119,"stat.craftItem.hammertime.itemsicklewood":5,"stat.craftingTableInteraction":108,"stat.drop.exoticbirds.eggshell":5,"stat.drop.ic2.crushed":6,"stat.mineBlock.minecraft.log2":6,"stat.pickup.minecraft.wooden_pickaxe":2,"stat.useItem.minecraft.reeds":4,"stat.craftItem.exoticbirds.phoenix_egg":1,"stat.pickup.minecraft.dye":515,"stat.pickup.minecraft.planks":485,"stat.killEntity.exoticbirds.swan":4,"stat.pickup.minecraft.wheat_seeds":146,"stat.pickup.ic2.mining_laser":1,"stat.mineBlock.minecraft.dirt":97,"stat.craftItem.ic2.dust":79,"stat.useItem.minecraft.bread":23,"stat.pickup.minecraft.brewing_stand":1,"stat.drop.minecraft.brewing_stand":1,"stat.useItem.minecraft.cobblestone":1046,"stat.useItem.minecraft.gravel":29,"stat.mineBlock.minecraft.double_plant":5,"stat.useItem.exoticbirds.eggshell":7,"stat.pickup.minecraft.iron_pickaxe":24,"stat.drop.minecraft.sapling":1,"stat.pickup.minecraft.chicken":35,"stat.pickup.minecraft.tipped_arrow":72,"stat.drop.ic2.sapling":1,"stat.craftItem.ic2.plate":377,"stat.pickup.minecraft.apple":12,"stat.drop.mutantbeasts.mutant_skeleton_pelvis":1,"stat.craftItem.minecraft.bucket":2,"stat.craftItem.minecraft.planks":1940,"stat.useItem.minecraft.iron_sword":844,"stat.pickup.minecraft.stone_sword":19,"stat.entityKilledBy.mutantbeasts.creeper_minion":1,"stat.useItem.minecraft.stonebrick":1,"stat.pickup.minecraft.book":1,"stat.mineBlock.minecraft.log":4,"stat.mineBlock.minecraft.waterlily":1,"stat.craftItem.ic2.re_battery":10,"stat.killEntity.BabySkeleton":1,"stat.pickup.minecraft.red_flower":22,"stat.pickup.mutantbeasts.mutant_skeleton_limb":4,"stat.pickup.minecraft.wool":107,"stat.pickup.ic2.ingot":94,"stat.pickup.minecraft.lingering_potion":4,"stat.pickup.minecraft.bookshelf":3,"stat.useItem.minecraft.iron_axe":75,"stat.mineBlock.minecraft.cobblestone":71,"stat.pickup.minecraft.stone_pickaxe":6,"stat.pickup.minecraft.flint":15,"stat.drop.minecraft.cobblestone":12,"stat.pickup.minecraft.cooked_porkchop":157,"stat.pickup.mutantbeasts.mutant_skeleton_chestplate":9,"stat.craftItem.weather2.weather_item":1,"stat.useItem.minecraft.obsidian":9,"stat.useItem.minecraft.cookie":12,"stat.useItem.minecraft.stone_slab2":242,"stat.pickup.minecraft.bow":22,"stat.pickup.minecraft.iron_boots":22,"stat.craftItem.minecraft.furnace":6,"stat.pickup.minecraft.golden_axe":3,"stat.useItem.minecraft.egg":4,"stat.craftItem.minecraft.spruce_boat":1,"stat.craftItem.minecraft.iron_boots":4,"stat.useItem.exoticbirds.cooked_birdmeat":20,"stat.craftItem.minecraft.cooked_beef":10,"stat.pickup.mutantbeasts.mutant_skeleton_rib":6,"stat.flyOneCm":1813919,"stat.pickup.minecraft.sandstone":128,"stat.pickup.minecraft.fish":14,"stat.drop.minecraft.chainmail_chestplate":1,"stat.timeSinceDeath":133665,"stat.pickup.ic2.bronze_boots":8,"stat.pickup.exoticbirds.peafowl_egg":2,"stat.craftItem.minecraft.stonebrick":4,"stat.pickup.ic2.cutter":5,"stat.pickup.travelersbackpack.travelers_backpack":10,"stat.pickup.minecraft.chainmail_helmet":5,"stat.pickup.minecraft.nether_wart":4,"stat.drop.mekanism.oreblock":1,"stat.drop.hammertime.itemhammeriron":1,"stat.mineBlock.minecraft.coal_ore":20,"stat.killEntity.Creeper":1,"stat.pickup.minecraft.shield":24,"stat.pickup.minecraft.string":191,"stat.entityKilledBy.Skeleton":3,"stat.sprintOneCm":1412279,"stat.mineBlock.minecraft.stone_slab":13,"stat.pickup.minecraft.bone_block":320,"stat.pickup.ic2.resource":476,"stat.useItem.exoticbirds.peafowl_egg":2,"stat.mineBlock.minecraft.diamond_ore":12,"stat.drop.minecraft.lava_bucket":1,"stat.pickup.minecraft.leather_leggings":1,"stat.drop.galacticraftcore.basic_item":1,"stat.killEntity.Zombie":59,"stat.craftItem.minecraft.dye":8,"stat.mineBlock.minecraft.gold_ore":11,"stat.diveOneCm":249048,"stat.pickup.minecraft.wheat":83,"stat.drop.hammertime.itemhammerstone":1,"stat.mineBlock.minecraft.mossy_cobblestone":4,"stat.craftItem.ic2.cutter":3,"stat.craftItem.minecraft.cooked_porkchop":25,"stat.pickup.minecraft.stone_axe":11,"stat.pickup.minecraft.obsidian":6,"stat.pickup.ic2.te":39,"stat.useItem.minecraft.rotten_flesh":4,"stat.jump":9156,"stat.useItem.minecraft.sand":1,"stat.pickup.minecraft.coal":814,"stat.pickup.minecraft.iron_ingot":106,"stat.craftItem.minecraft.lever":2,"stat.pickup.minecraft.gunpowder":56,"stat.craftItem.minecraft.torch":20,"stat.pickup.ic2.crafting":149,"stat.pickup.minecraft.dirt":2321,"stat.pickup.minecraft.gold_ore":26,"stat.mineBlock.minecraft.lapis_ore":11,"stat.pickup.minecraft.iron_axe":21,"stat.pickup.minecraft.cookie":12,"stat.damageTaken":25247,"stat.mineBlock.minecraft.red_flower":10,"stat.mineBlock.minecraft.torch":4,"stat.pickup.minecraft.ender_eye":9,"stat.pickup.minecraft.log2":263,"stat.pickup.ic2.rubber_wood":187,"stat.craftItem.mutantbeasts.mutant_skeleton_chestplate":1,"stat.pickup.minecraft.bed":3,"stat.pickup.artifacts.thorn_pendant":9,"stat.entityKilledBy.Zombie":8,"stat.pickup.exoticbirds.birdmeat":26,"stat.killEntity.bouncy_creepers.bouncy_creeper":2,"stat.pickup.artifacts.shock_pendant":19,"stat.pickup.hammertime.itemhammeriron":82,"stat.pickup.artifacts.shiny_red_balloon":2,"stat.useItem.minecraft.chest":13,"stat.craftItem.weather2.tornado_sensor":1,"stat.pickup.minecraft.diamond_pickaxe":1,"stat.useItem.minecraft.lava_bucket":7,"stat.drop.ic2.resource":3,"stat.craftItem.minecraft.iron_chestplate":5,"stat.pickup.minecraft.ender_pearl":17,"stat.pickup.minecraft.cooked_beef":30,"stat.useItem.minecraft.netherrack":10,"stat.pickup.mutantbeasts.hulk_hammer":7,"stat.craftItem.mutantbeasts.mutant_skeleton_rib_cage":1,"stat.mineBlock.minecraft.stonebrick":1,"stat.pickup.travelersbackpack.backpack_tank":1,"stat.pickup.ic2.cable":180,"stat.mineBlock.minecraft.glowstone":11,"stat.mobKills":225,"stat.useItem.minecraft.mossy_cobblestone":3,"stat.pickup.minecraft.diamond":63,"stat.pickup.minecraft.iron_horse_armor":1,"stat.pickup.minecraft.torch":548,"stat.craftItem.ic2.wrench":5,"stat.pickup.exoticbirds.kiwi_egg":2,"stat.pickup.exoticbirds.magpie_egg":2,"stat.pickup.minecraft.spruce_boat":1,"stat.drop.minecraft.stone_axe":1,"stat.drop.ic2.crafting":1,"stat.mineBlock.ic2.rubber_wood":22,"stat.killEntity.mutantbeasts.mutant_skeleton":1,"stat.pickup.gravestone.death_info":32,"stat.useItem.minecraft.planks":1184,"stat.pickup.minecraft.golden_boots":2,"stat.pickup.minecraft.glowstone_dust":75,"stat.pickup.minecraft.porkchop":18,"stat.pickup.minecraft.glass":296,"stat.useItem.minecraft.water_bucket":61,"stat.pickup.minecraft.splash_potion":18,"stat.pickup.minecraft.name_tag":12,"stat.craftItem.minecraft.stone_sword":1,"stat.useItem.minecraft.ender_pearl":1,"stat.pickup.minecraft.chainmail_chestplate":14,"stat.pickup.exoticbirds.phoenix_dust":44,"stat.killEntity.exoticbirds.kingfisher":2,"stat.drop.ic2.treetap":2,"stat.drop.gravestone.death_info":20,"stat.pickup.ic2.plate":19,"stat.drop.hammertime.itemshoveliron":1,"stat.pickup.minecraft.furnace":31,"stat.useItem.minecraft.cooked_mutton":79,"stat.useItem.minecraft.redstone":1,"stat.drop.hammertime.itemsicklewood":1,"stat.pickup.exoticbirds.crane_egg":4,"stat.pickup.minecraft.iron_chestplate":6,"stat.pickup.ic2.dust":19,"stat.useItem.ic2.sapling":7,"stat.pickup.minecraft.saddle":3,"stat.killEntity.dungeonmobs.dmtroll":1,"stat.playOneMinute":803262,"stat.drop.minecraft.string":1,"stat.useItem.hammertime.itemaxeiron":4,"stat.pickup.minecraft.netherrack":70,"stat.pickup.exoticbirds.duck_egg":1,"stat.pickup.hammertime.itemaxeiron":6,"stat.pickup.minecraft.waterlily":2,"stat.killEntity.dungeonmobs.dmshrieker":1,"stat.pickup.minecraft.cooked_chicken":52,"stat.fallOneCm":254747,"stat.drop.minecraft.stone":3,"stat.pickup.ic2.casing":47,"stat.craftItem.ic2.treetap":8,"stat.pickup.minecraft.melon_seeds":3,"stat.pickup.artifacts.pocket_piston":25,"stat.craftItem.minecraft.chest":42,"stat.mineBlock.minecraft.lever":3,"stat.pickup.minecraft.golden_leggings":4,"stat.useItem.mekanism.oreblock":1,"stat.mineBlock.ic2.resource":186,"stat.pickup.minecraft.feather":75,"stat.drop.minecraft.iron_leggings":2,"stat.drop.minecraft.bone":2,"stat.useItem.minecraft.furnace":16,"stat.pickup.minecraft.slime":2,"stat.pickup.minecraft.iron_leggings":25,"stat.mineBlock.minecraft.gravel":68,"stat.useItem.minecraft.stone_pickaxe":118,"stat.useItem.minecraft.stone_sword":176,"stat.craftItem.minecraft.iron_leggings":4,"stat.useItem.minecraft.wool":5,"stat.pickup.mekanism.ingot":72,"stat.useItem.minecraft.torch":153,"stat.pickup.minecraft.crafting_table":12,"stat.useItem.exoticbirds.emperorpenguin_egg":1,"stat.craftItem.minecraft.crafting_table":7,"stat.useItem.exoticbirds.magpie_egg":2,"stat.mineBlock.minecraft.emerald_ore":1,"stat.pickup.minecraft.log":470,"stat.mineBlock.galacticraftcore.basic_block_core":115,"stat.drop.ic2.wrench":1,"stat.craftItem.hammertime.itemhammerstone":3,"stat.useItem.galacticraftcore.bucket_oil":2,"stat.pickup.minecraft.chainmail_leggings":4,"stat.pickup.minecraft.sapling":6,"stat.drop.minecraft.bow":1,"stat.useItem.ic2.mining_laser":7,"stat.useItem.mutantbeasts.hulk_hammer":9,"stat.drop.hammertime.itemaxeiron":2,"stat.pickup.minecraft.golden_sword":1,"stat.craftItem.minecraft.cooked_chicken":13,"stat.killEntity.mutantbeasts.mutant_enderman":1,"stat.useItem.exoticbirds.seagull_egg":4,"stat.pickup.ic2.wrench":10,"stat.sneakTime":37317,"stat.pickup.ic2.sapling":12,"stat.killEntity.dungeonmobs.dmvescavor":1,"stat.pickup.minecraft.stone_slab":96,"stat.pickup.minecraft.yellow_flower":9,"stat.useItem.exoticbirds.duck_egg":1,"stat.pickup.minecraft.chest":11,"stat.pickup.minecraft.bone":112,"stat.horseOneCm":11703,"stat.pickup.exoticbirds.cooked_birdmeat":12,"stat.pickup.exoticbirds.seagull_egg":4,"stat.swimOneCm":111906,"stat.climbOneCm":1992,"stat.pickup.ic2.crushed":103,"stat.craftItem.ic2.fluid_cell":2,"stat.useItem.minecraft.dirt":534,"stat.pickup.ic2.fluid_cell":2,"stat.useItem.minecraft.red_flower":2,"stat.entityKilledBy.mutantbeasts.mutant_enderman":4,"stat.killEntity.artifacts.mimic":5,"stat.useItem.minecraft.iron_ore":2,"stat.craftItem.ic2.tool_box":2,"stat.craftItem.minecraft.stone_pickaxe":1,"stat.pickup.minecraft.cobblestone":4839,"stat.pickup.minecraft.clay":11,"stat.pickup.minecraft.soul_sand":9,"stat.pickup.minecraft.glass_bottle":2,"stat.killEntity.ZombieHorse":2,"stat.craftItem.ic2.ingot":30,"stat.drop.minecraft.wheat_seeds":1,"stat.useItem.minecraft.cooked_beef":15,"stat.craftItem.ic2.mining_pipe":16,"stat.pickup.minecraft.redstone":996,"stat.mineBlock.minecraft.iron_ore":144,"stat.pickup.minecraft.mutton":41,"stat.pickup.minecraft.mossy_cobblestone":7,"stat.useItem.minecraft.lever":1,"stat.pickup.minecraft.wooden_axe":1,"stat.pickup.minecraft.stonebrick":1,"stat.pickup.ic2.energy_crystal":1,"stat.pickup.galacticraftcore.basic_block_core":403,"stat.drop.minecraft.dirt":2,"stat.pickup.minecraft.iron_shovel":35,"stat.useItem.minecraft.cooked_porkchop":39,"stat.pickup.mekanism.salt":13,"stat.useItem.exoticbirds.crane_egg":2,"stat.craftItem.ic2.casing":122,"stat.craftItem.minecraft.stone_slab2":0,"stat.killEntity.mutantbeasts.mutant_zombie":1,"stat.pickup.minecraft.paper":6,"stat.craftItem.minecraft.stick":116,"stat.pickup.hammertime.itemsicklewood":1,"stat.mineBlock.mekanism.oreblock":121,"stat.useItem.minecraft.stone_slab":7,"stat.useItem.exoticbirds.kiwi_egg":2,"stat.craftItem.minecraft.stone":313,"stat.useItem.ic2.wrench":103,"stat.mineBlock.minecraft.crafting_table":6,"stat.entityKilledBy.Creeper":4,"stat.mineBlock.minecraft.planks":109,"stat.drop":101,"stat.killEntity.Sheep":15,"stat.pickup.exoticbirds.emperorpenguin_egg":5,"stat.pickup.minecraft.slime_ball":7,"stat.drop.minecraft.iron_boots":2,"stat.killEntity.dungeonmobs.dmeldermob":1,"stat.pickup.minecraft.gravel":78,"stat.killEntity.Slime":7,"stat.useItem.minecraft.waterlily":1,"stat.useItem.minecraft.potion":4,"stat.killEntity.SkeletonHorse":1,"stat.craftItem.ic2.forge_hammer":6,"stat.pickup.minecraft.iron_helmet":14,"stat.useItem.minecraft.stone_axe":106,"stat.craftItem.minecraft.bread":7,"stat.entityKilledBy.CaveSpider":9,"stat.pickup.minecraft.spider_eye":11,"stat.craftItem.minecraft.iron_helmet":3,"stat.useItem.minecraft.cooked_chicken":17,"stat.pickup.minecraft.iron_ore":555,"stat.boatOneCm":121684,"stat.craftItem.minecraft.flint_and_steel":1,"stat.useItem.exoticbirds.kingfisher_egg":2,"stat.pickup.minecraft.leather":86,"stat.mineBlock.minecraft.furnace":14,"stat.useItem.minecraft.wooden_pickaxe":4,"stat.drop.minecraft.water_bucket":1,"stat.pickup.minecraft.reeds":58,"stat.killEntity.CaveSpider":12,"stat.damageDealt":55429,"stat.sleepInBed":41,"stat.useItem.ic2.resource":8,"stat.killEntity.Cow":18,"stat.killEntity.Pig":4,"stat.craftItem.hammertime.itemaxeiron":3,"stat.craftItem.minecraft.iron_sword":1,"stat.walkOneCm":1157779,"stat.playerKills":8,"stat.mineBlock.ic2.te":36,"stat.pickup.minecraft.stick":677,"stat.pickup.mekanism.oreblock":386,"stat.pickup.minecraft.clay_ball":1,"stat.useItem.minecraft.spruce_boat":2,"stat.useItem.galacticraftcore.basic_block_core":3,"stat.drop.ic2.te":7,"stat.pickup.hammertime.itemhammerstone":2,"stat.useItem.ic2.te":2,"stat.pickup.galacticraftcore.basic_item":102,"stat.pickup.minecraft.tnt":6,"stat.drop.ic2.ingot":3,"stat.pickup.minecraft.stone":641,"stat.mineBlock.minecraft.wool":3,"stat.pickup.ic2.treetap":10,"stat.pickup.minecraft.gold_ingot":189,"stat.killEntity.Skeleton":28,"stat.craftItem.ic2.crafting":57,"stat.killEntity.Chicken":16,"stat.killEntity.Spider":8,"stat.killEntity.dungeonmobs.dmghoul":1,"stat.pickup.minecraft.bread":31,"stat.killEntity.exoticbirds.crane":2,"stat.craftItem.ic2.resource":13,"stat.pickup.minecraft.water_bucket":16,"stat.mineBlock.minecraft.redstone_ore":98,"stat.pickup.minecraft.lava_bucket":2,"stat.mineBlock.minecraft.bone_block":13,"stat.mineBlock.minecraft.stone":332,"stat.useItem.minecraft.sandstone":28}